risorsa,url
32365480857,https://farm8.staticflickr.com/7879/32365480857_d297e7b1c7_o.jpg
46583959714,https://farm8.staticflickr.com/7850/46583959714_3f5009cfa9_o.jpg
47254887932,https://farm8.staticflickr.com/7809/47254887932_9caeb3c999_o.jpg
33195570758,https://farm8.staticflickr.com/7825/33195570758_7b6e80c59f_o.jpg
46157111395,https://farm8.staticflickr.com/7893/46157111395_515bdc576f_o.jpg
47070518831,https://farm8.staticflickr.com/7913/47070518831_12a5e04975_o.jpg
46346821734,https://farm8.staticflickr.com/7860/46346821734_81b4c0aaf2_o.jpg
47018455372,https://farm8.staticflickr.com/7816/47018455372_597130c9b7_o.jpg
33195418708,https://farm8.staticflickr.com/7924/33195418708_b2aedb2475_o.jpg
46346691854,https://farm8.staticflickr.com/7839/46346691854_20f21546f7_o.jpg
33195306728,https://farm8.staticflickr.com/7802/33195306728_7d57cff1c2_o.jpg
45307490512,https://farm2.staticflickr.com/1964/45307490512_3be38049d7_o.jpg
44443758165,https://farm2.staticflickr.com/1952/44443758165_ec63a0b222_o.jpg
45307490682,https://farm2.staticflickr.com/1966/45307490682_f8058e1173_o.jpg
44443758415,https://farm2.staticflickr.com/1958/44443758415_2a36763692_o.jpg
44443758615,https://farm2.staticflickr.com/1974/44443758615_36de45a7bb_o.jpg
45307491032,https://farm2.staticflickr.com/1953/45307491032_3b10a5b33d_o.jpg
43542128790,https://farm2.staticflickr.com/1926/43542128790_495330c775_o.jpg
43542129070,https://farm2.staticflickr.com/1969/43542129070_fc7b1865ab_o.jpg
45307491642,https://farm2.staticflickr.com/1952/45307491642_81cf0b2c55_o.jpg
43542129730,https://farm2.staticflickr.com/1980/43542129730_dbbc1a53fe_o.jpg
43542130060,https://farm2.staticflickr.com/1961/43542130060_eb7dec47ba_o.jpg
43542130340,https://farm2.staticflickr.com/1966/43542130340_5a32d02bca_o.jpg
44443759905,https://farm2.staticflickr.com/1976/44443759905_612b9eab99_o.jpg
43542130820,https://farm2.staticflickr.com/1952/43542130820_cacea906e1_o.jpg
43542131000,https://farm2.staticflickr.com/1965/43542131000_f562df5eb1_o.jpg
45307492492,https://farm2.staticflickr.com/1902/45307492492_2764dd197b_o.jpg
43542131510,https://farm2.staticflickr.com/1909/43542131510_f093a7e66c_o.jpg
43542131780,https://farm2.staticflickr.com/1965/43542131780_6357e6d627_o.jpg
43542131990,https://farm2.staticflickr.com/1961/43542131990_287904caf6_o.jpg
43542132190,https://farm2.staticflickr.com/1979/43542132190_82a37356d6_o.jpg
43542132410,https://farm2.staticflickr.com/1962/43542132410_3e33e05766_o.jpg
44443761155,https://farm2.staticflickr.com/1958/44443761155_ffdd3e61fe_o.jpg
45307493252,https://farm2.staticflickr.com/1970/45307493252_0a74d87c90_o.jpg
44443761495,https://farm2.staticflickr.com/1926/44443761495_78199c05c1_o.jpg
44443761685,https://farm2.staticflickr.com/1934/44443761685_44a50b4145_o.jpg
43542133750,https://farm2.staticflickr.com/1971/43542133750_0c582bdd7f_o.jpg
44443761855,https://farm2.staticflickr.com/1901/44443761855_bf20cb2016_o.jpg
44443762025,https://farm2.staticflickr.com/1912/44443762025_aa3ea52d1e_o.jpg
43542134260,https://farm2.staticflickr.com/1946/43542134260_cbfbb464aa_o.jpg
45307494292,https://farm2.staticflickr.com/1947/45307494292_2df50b894c_o.jpg
43542134690,https://farm2.staticflickr.com/1941/43542134690_0f38565b58_o.jpg
43542134880,https://farm2.staticflickr.com/1978/43542134880_819e31fa5b_o.jpg
43542135160,https://farm2.staticflickr.com/1967/43542135160_d40e7d4f4c_o.jpg
44443763045,https://farm2.staticflickr.com/1916/44443763045_16546448e8_o.jpg
43542135600,https://farm2.staticflickr.com/1925/43542135600_de6591cbcd_o.jpg
43542135920,https://farm2.staticflickr.com/1902/43542135920_5a21e507f8_o.jpg
44443763555,https://farm2.staticflickr.com/1957/44443763555_e11e132301_o.jpg
43542136390,https://farm2.staticflickr.com/1928/43542136390_1436ca72f8_o.jpg
43542136700,https://farm2.staticflickr.com/1919/43542136700_b74202c6df_o.jpg
43542136950,https://farm2.staticflickr.com/1949/43542136950_3d57d04153_o.jpg
43542137160,https://farm2.staticflickr.com/1928/43542137160_5cf1a1bbaa_o.jpg
43542137430,https://farm2.staticflickr.com/1967/43542137430_0d3e01cb48_o.jpg
44443764545,https://farm2.staticflickr.com/1942/44443764545_727b150f7c_o.jpg
43542137860,https://farm2.staticflickr.com/1928/43542137860_fe7ee05722_o.jpg
43542138110,https://farm2.staticflickr.com/1942/43542138110_64b053d395_o.jpg
44443765065,https://farm2.staticflickr.com/1929/44443765065_6b5c4f7f60_o.jpg
43542138600,https://farm2.staticflickr.com/1957/43542138600_32925b4c96_o.jpg
44443765205,https://farm2.staticflickr.com/1935/44443765205_a6dcae527c_o.jpg
43542139140,https://farm2.staticflickr.com/1948/43542139140_a2de5f2aec_o.jpg
44443765565,https://farm2.staticflickr.com/1961/44443765565_7d065008fd_o.jpg
44419778515,https://farm2.staticflickr.com/1935/44419778515_edfa29f657_o.jpg
30393165247,https://farm2.staticflickr.com/1952/30393165247_cc72572668_o.jpg
30393165357,https://farm2.staticflickr.com/1903/30393165357_0bb50e598a_o.jpg
44419779325,https://farm2.staticflickr.com/1943/44419779325_4cfb0bc658_o.jpg
30393165547,https://farm2.staticflickr.com/1917/30393165547_9dc04ce00b_o.jpg
45333033891,https://farm2.staticflickr.com/1974/45333033891_727f80451b_o.jpg
45333034341,https://farm2.staticflickr.com/1966/45333034341_5825511740_o.jpg
45333034621,https://farm2.staticflickr.com/1915/45333034621_c92558b9df_o.jpg
45333034951,https://farm2.staticflickr.com/1911/45333034951_e46c740626_o.jpg
45283161602,https://farm2.staticflickr.com/1919/45283161602_904eb992b8_o.jpg
45283161992,https://farm2.staticflickr.com/1972/45283161992_9850c46c08_o.jpg
45283162392,https://farm2.staticflickr.com/1943/45283162392_01a2be2d88_o.jpg
45283162602,https://farm2.staticflickr.com/1978/45283162602_310fdf992e_o.jpg
45283162882,https://farm2.staticflickr.com/1958/45283162882_ca283c8b81_o.jpg
45283163222,https://farm2.staticflickr.com/1906/45283163222_6596f494b5_o.jpg
45283163452,https://farm2.staticflickr.com/1977/45283163452_ac031273bb_o.jpg
44419878905,https://farm2.staticflickr.com/1947/44419878905_9563092456_o.jpg
31458861848,https://farm2.staticflickr.com/1967/31458861848_27942c8b05_o.jpg
43517442980,https://farm2.staticflickr.com/1980/43517442980_bb10938772_o.jpg
43517443660,https://farm2.staticflickr.com/1970/43517443660_358e588658_o.jpg
43517444230,https://farm2.staticflickr.com/1910/43517444230_2473d91502_o.jpg
43517444830,https://farm2.staticflickr.com/1962/43517444830_44b037cff5_o.jpg
43517445170,https://farm2.staticflickr.com/1911/43517445170_b5a5682d07_o.jpg
43517445370,https://farm2.staticflickr.com/1966/43517445370_a6bcb14744_o.jpg
43517445630,https://farm2.staticflickr.com/1974/43517445630_895049a0f9_o.jpg
43517445890,https://farm2.staticflickr.com/1916/43517445890_7409698577_o.jpg
45283177952,https://farm2.staticflickr.com/1975/45283177952_d5cb8ca493_o.jpg
45283178342,https://farm2.staticflickr.com/1935/45283178342_0f69cdd0bb_o.jpg
45283178692,https://farm2.staticflickr.com/1946/45283178692_79519b74a4_o.jpg
45283179132,https://farm2.staticflickr.com/1939/45283179132_a7f5d1b8dd_o.jpg
45283179432,https://farm2.staticflickr.com/1928/45283179432_c4151880f8_o.jpg
45283179852,https://farm2.staticflickr.com/1905/45283179852_92e7a15c27_o.jpg
45283180162,https://farm2.staticflickr.com/1966/45283180162_c879e2e17c_o.jpg
45283180472,https://farm2.staticflickr.com/1934/45283180472_d7de01581e_o.jpg
45283180822,https://farm2.staticflickr.com/1976/45283180822_c780772bbc_o.jpg
45283181222,https://farm2.staticflickr.com/1963/45283181222_0ea7aba8e5_o.jpg
45283181562,https://farm2.staticflickr.com/1961/45283181562_f846e2ecc0_o.jpg
31458761988,https://farm2.staticflickr.com/1929/31458761988_606c30bc43_o.jpg
45283182182,https://farm2.staticflickr.com/1958/45283182182_99388b82d4_o.jpg
45283182472,https://farm2.staticflickr.com/1964/45283182472_e2c06a4e44_o.jpg
44018709712,https://farm2.staticflickr.com/1797/44018709712_c06935f0ce_o.jpg
44018710162,https://farm2.staticflickr.com/1838/44018710162_4048f765e6_o.jpg
44018710272,https://farm2.staticflickr.com/1819/44018710272_383d5da4fe_o.jpg
44018710462,https://farm2.staticflickr.com/1820/44018710462_88f5c46f9b_o.jpg
42257818300,https://farm2.staticflickr.com/1813/42257818300_bc3a31b1dc_o.jpg
42257687170,https://farm2.staticflickr.com/1773/42257687170_faf61ee51d_o.jpg
42255800910,https://farm2.staticflickr.com/1835/42255800910_1542e421d1_o.jpg
30197079258,https://farm2.staticflickr.com/1778/30197079258_dc3479cea0_o.jpg
42255801180,https://farm2.staticflickr.com/1836/42255801180_dc182e246d_o.jpg
42255801310,https://farm2.staticflickr.com/1832/42255801310_3eb3016b05_o.jpg
44064691151,https://farm2.staticflickr.com/1793/44064691151_a35cedd7fc_o.jpg
42255801480,https://farm1.staticflickr.com/934/42255801480_ed5563cfaf_o.jpg
44064691451,https://farm1.staticflickr.com/940/44064691451_3d6540960c_o.jpg
44064691631,https://farm2.staticflickr.com/1817/44064691631_f89c9b80b0_o.jpg
44064691811,https://farm2.staticflickr.com/1840/44064691811_4d13b6f7af_o.jpg
42255802030,https://farm2.staticflickr.com/1838/42255802030_5d46bb95d1_o.jpg
44064692021,https://farm2.staticflickr.com/1814/44064692021_a2e82b40a5_o.jpg
44064692281,https://farm2.staticflickr.com/1771/44064692281_b80b6ccb25_o.jpg
44064692231,https://farm2.staticflickr.com/1833/44064692231_4317f4a1b4_o.jpg
42255802240,https://farm2.staticflickr.com/1819/42255802240_7ec4477818_o.jpg
44025705241,https://farm1.staticflickr.com/842/44025705241_cf65b3c656_o.jpg
44025705541,https://farm2.staticflickr.com/1798/44025705541_66d40f5392_o.jpg
44025705651,https://farm2.staticflickr.com/1798/44025705651_f680be8636_o.jpg
44025705821,https://farm2.staticflickr.com/1792/44025705821_49c965d8c6_o.jpg
44025706021,https://farm2.staticflickr.com/1813/44025706021_cca9ca9e36_o.jpg
44025706171,https://farm2.staticflickr.com/1791/44025706171_c26412d9a1_o.jpg
44008104801,https://farm2.staticflickr.com/1811/44008104801_84d04d0f00_o.jpg
44008105051,https://farm1.staticflickr.com/940/44008105051_cabbee52e0_o.jpg
43101999215,https://farm2.staticflickr.com/1772/43101999215_1e3eab06cf_o.jpg
43959484312,https://farm2.staticflickr.com/1835/43959484312_b43e745a37_o.jpg
44008105681,https://farm2.staticflickr.com/1800/44008105681_2e578828e5_o.jpg
43959484592,https://farm1.staticflickr.com/840/43959484592_5ed73924f6_o.jpg
44008106091,https://farm2.staticflickr.com/1834/44008106091_fc5961ecf2_o.jpg
44008106271,https://farm2.staticflickr.com/1780/44008106271_15b1a5708c_o.jpg
43959484972,https://farm2.staticflickr.com/1839/43959484972_2e63cbb374_o.jpg
44008106611,https://farm1.staticflickr.com/937/44008106611_bf1b922f88_o.jpg
43959485282,https://farm2.staticflickr.com/1778/43959485282_3afb6bf4c4_o.jpg
43959485412,https://farm2.staticflickr.com/1836/43959485412_fe56812e63_o.jpg
43102000055,https://farm2.staticflickr.com/1775/43102000055_c3dc460237_o.jpg
43959485692,https://farm2.staticflickr.com/1820/43959485692_c011ec82ec_o.jpg
43102000275,https://farm2.staticflickr.com/1796/43102000275_bd4891e3cc_o.jpg
43959485952,https://farm2.staticflickr.com/1818/43959485952_d0b57d6197_o.jpg
43102000445,https://farm1.staticflickr.com/940/43102000445_cb6bc7a988_o.jpg
43959486322,https://farm1.staticflickr.com/939/43959486322_8433d93a94_o.jpg
43102000605,https://farm2.staticflickr.com/1814/43102000605_6590cec5f0_o.jpg
43959486622,https://farm2.staticflickr.com/1840/43959486622_cb72f6f4de_o.jpg
43959486712,https://farm2.staticflickr.com/1775/43959486712_b5e93369bb_o.jpg
29005021297,https://farm1.staticflickr.com/934/29005021297_06f6bddcf2_o.jpg
43223675984,https://farm1.staticflickr.com/929/43223675984_15d2b1b688_o.jpg
29005021877,https://farm1.staticflickr.com/854/29005021877_4b4ce73957_o.jpg
43223676274,https://farm2.staticflickr.com/1816/43223676274_6cd50d9bbe_o.jpg
30073926638,https://farm2.staticflickr.com/1800/30073926638_45a2cc9ac9_o.jpg
42133961110,https://farm1.staticflickr.com/942/42133961110_5321b92022_o.jpg
43037542055,https://farm1.staticflickr.com/858/43037542055_7fd0e0a7cd_o.jpg
30073845578,https://farm2.staticflickr.com/1838/30073845578_868815cac3_o.jpg
43223534564,https://farm1.staticflickr.com/937/43223534564_b6ae616c6f_o.jpg
43894370732,https://farm2.staticflickr.com/1800/43894370732_c56f285961_o.jpg
43223488584,https://farm2.staticflickr.com/1775/43223488584_854fcdc4c2_o.jpg
43223463574,https://farm1.staticflickr.com/928/43223463574_0ca3434e76_o.jpg
43894267352,https://farm1.staticflickr.com/855/43894267352_72910b5aac_o.jpg
43037353275,https://farm1.staticflickr.com/935/43037353275_f969dc8be7_o.jpg
30073607128,https://farm2.staticflickr.com/1819/30073607128_fb193e5391_o.jpg
43223312444,https://farm1.staticflickr.com/942/43223312444_83ef88307f_o.jpg
42133597480,https://farm2.staticflickr.com/1795/42133597480_bf88a1280a_o.jpg
42133556130,https://farm2.staticflickr.com/1797/42133556130_1015a473a3_o.jpg
42133528580,https://farm2.staticflickr.com/1820/42133528580_5a5f39b144_o.jpg
43223187864,https://farm1.staticflickr.com/942/43223187864_a2eb05125d_o.jpg
29004410147,https://farm1.staticflickr.com/941/29004410147_19bc6738b2_o.jpg
43893851212,https://farm1.staticflickr.com/936/43893851212_6d4094f4da_o.jpg
42133278290,https://farm2.staticflickr.com/1797/42133278290_c67e2d7775_o.jpg
30073151108,https://farm2.staticflickr.com/1835/30073151108_70e3414ba4_o.jpg
30073134058,https://farm2.staticflickr.com/1767/30073134058_7a263ecf3f_o.jpg
43893671372,https://farm1.staticflickr.com/849/43893671372_8d588b722e_o.jpg
30072988228,https://farm1.staticflickr.com/936/30072988228_81dff1a1c4_o.jpg
43941880201,https://farm1.staticflickr.com/849/43941880201_2d758e0fb9_o.jpg
43036447685,https://farm2.staticflickr.com/1835/43036447685_143d585d64_o.jpg
30072644418,https://farm2.staticflickr.com/1820/30072644418_e55996f9e3_o.jpg
43036191175,https://farm2.staticflickr.com/1779/43036191175_02c3e7e697_o.jpg
43181136934,https://farm1.staticflickr.com/928/43181136934_ef9f2e4cf0_o.jpg
43181137654,https://farm2.staticflickr.com/1798/43181137654_f742eb885a_o.jpg
43181137904,https://farm1.staticflickr.com/849/43181137904_b86042d583_o.jpg
42090359580,https://farm2.staticflickr.com/1836/42090359580_c73a013bc7_o.jpg
42090359880,https://farm2.staticflickr.com/1835/42090359880_3a61c76239_o.jpg
42090360020,https://farm1.staticflickr.com/932/42090360020_5352c08315_o.jpg
28962743247,https://farm2.staticflickr.com/1814/28962743247_6b6caffc50_o.jpg
42090360090,https://farm2.staticflickr.com/1813/42090360090_66b35ddf19_o.jpg
42090360320,https://farm1.staticflickr.com/850/42090360320_7d97a194a9_o.jpg
28962715237,https://farm2.staticflickr.com/1771/28962715237_860bf84ff4_o.jpg
43851066982,https://farm2.staticflickr.com/1832/43851066982_264cc4fab5_o.jpg
42994724225,https://farm1.staticflickr.com/937/42994724225_a6b4e9e084_o.jpg
30007765498,https://farm1.staticflickr.com/858/30007765498_b12f9f5030_o.jpg
42068616840,https://farm2.staticflickr.com/1774/42068616840_c41a3b2491_o.jpg
30007766078,https://farm1.staticflickr.com/930/30007766078_fc1ea8144b_o.jpg
42068617350,https://farm2.staticflickr.com/1817/42068617350_285db4106f_o.jpg
30007766808,https://farm2.staticflickr.com/1794/30007766808_b1e6a80e22_o.jpg
42068618030,https://farm1.staticflickr.com/860/42068618030_fddd8650f1_o.jpg
42068618420,https://farm2.staticflickr.com/1778/42068618420_676e23e3c3_o.jpg
30007768078,https://farm2.staticflickr.com/1773/30007768078_a280482348_o.jpg
42068618900,https://farm2.staticflickr.com/1818/42068618900_98880a26ff_o.jpg
42068619120,https://farm2.staticflickr.com/1839/42068619120_392f3121b8_o.jpg
42068619280,https://farm1.staticflickr.com/929/42068619280_a3f3188132_o.jpg
42068619660,https://farm2.staticflickr.com/1791/42068619660_9f2bcc5de7_o.jpg
42068619950,https://farm2.staticflickr.com/1840/42068619950_6d87171469_o.jpg
42068620250,https://farm2.staticflickr.com/1840/42068620250_d88e44751f_o.jpg
42068620440,https://farm1.staticflickr.com/854/42068620440_d30782eb34_o.jpg
42068620680,https://farm2.staticflickr.com/1795/42068620680_243d5a5a6b_o.jpg
42068620880,https://farm2.staticflickr.com/1839/42068620880_e6f2cd6e5b_o.jpg
42068621060,https://farm1.staticflickr.com/941/42068621060_7a8222ef6c_o.jpg
42068621270,https://farm2.staticflickr.com/1833/42068621270_0d345141b9_o.jpg
42068621530,https://farm2.staticflickr.com/1791/42068621530_0aeae8751f_o.jpg
42068621670,https://farm1.staticflickr.com/929/42068621670_6c997533a3_o.jpg
42068621850,https://farm2.staticflickr.com/1776/42068621850_aa236cab25_o.jpg
42068622080,https://farm1.staticflickr.com/848/42068622080_4eeed69675_o.jpg
28863179157,https://farm1.staticflickr.com/854/28863179157_a9c4f631e0_o.jpg
42896021855,https://farm1.staticflickr.com/853/42896021855_2174c8a383_o.jpg
42896022065,https://farm2.staticflickr.com/1837/42896022065_fba72305ac_o.jpg
42896022165,https://farm1.staticflickr.com/852/42896022165_4bffeb0862_o.jpg
42896022295,https://farm1.staticflickr.com/928/42896022295_a0e4061d29_o.jpg
42896022405,https://farm2.staticflickr.com/1795/42896022405_8cc070d9ce_o.jpg
42896022515,https://farm1.staticflickr.com/861/42896022515_5659771ce6_o.jpg
42896022645,https://farm1.staticflickr.com/862/42896022645_d3989deaec_o.jpg
42896022795,https://farm1.staticflickr.com/930/42896022795_8cc88b2666_o.jpg
42896022995,https://farm1.staticflickr.com/862/42896022995_57abdabf69_o.jpg
42896023155,https://farm1.staticflickr.com/929/42896023155_1dcd244bc1_o.jpg
43751381162,https://farm1.staticflickr.com/935/43751381162_3d9f4ef559_o.jpg
43062285684,https://farm2.staticflickr.com/1798/43062285684_4c2aac8ffb_o.jpg
43062257164,https://farm1.staticflickr.com/930/43062257164_904aa38d33_o.jpg
43778634891,https://farm1.staticflickr.com/850/43778634891_b02dd5984d_o.jpg
43778598231,https://farm2.staticflickr.com/1792/43778598231_b543d95319_o.jpg
42874573525,https://farm2.staticflickr.com/1778/42874573525_550fa14472_o.jpg
42874483775,https://farm1.staticflickr.com/852/42874483775_de844d5ec9_o.jpg
28841835977,https://farm2.staticflickr.com/1811/28841835977_a688893573_o.jpg
41969595780,https://farm2.staticflickr.com/1817/41969595780_68ed4bfdff_o.jpg
43730179842,https://farm1.staticflickr.com/938/43730179842_091d00479a_o.jpg
43730073032,https://farm1.staticflickr.com/940/43730073032_86122b1fde_o.jpg
28841586797,https://farm1.staticflickr.com/857/28841586797_4c017011d9_o.jpg
43729887422,https://farm1.staticflickr.com/859/43729887422_0e7dcd015d_o.jpg
28841070117,https://farm2.staticflickr.com/1839/28841070117_e73389a25e_o.jpg
42701568985,https://farm1.staticflickr.com/917/42701568985_2210830bd3_o.jpg
42887854664,https://farm1.staticflickr.com/920/42887854664_9cdcef3f8c_o.jpg
43557994512,https://farm1.staticflickr.com/925/43557994512_c3f1fee36a_o.jpg
29714257698,https://farm1.staticflickr.com/915/29714257698_a17b9c2a08_o.jpg
43584700051,https://farm1.staticflickr.com/839/43584700051_b624b3709a_o.jpg
42866795254,https://farm1.staticflickr.com/835/42866795254_dbbf798a54_o.jpg
28696735947,https://farm2.staticflickr.com/1801/28696735947_4bf2e2ebf0_o.jpg
43584453171,https://farm2.staticflickr.com/1766/43584453171_e00dd88e84_o.jpg
42866416784,https://farm1.staticflickr.com/856/42866416784_3c255a1cdb_o.jpg
42866314934,https://farm1.staticflickr.com/834/42866314934_e6ce1d185e_o.jpg
43584035181,https://farm1.staticflickr.com/862/43584035181_eb3ae03767_o.jpg
41549940890,https://farm1.staticflickr.com/916/41549940890_73866a6b5b_o.jpg
42642198254,https://farm2.staticflickr.com/1824/42642198254_8f15df0498_o.jpg
42454693055,https://farm1.staticflickr.com/916/42454693055_2a640e7b75_o.jpg
29488614688,https://farm2.staticflickr.com/1828/29488614688_9d59c7a6c9_o.jpg
29488578638,https://farm2.staticflickr.com/1830/29488578638_ea2bfa0ee9_o.jpg
41549716010,https://farm2.staticflickr.com/1821/41549716010_2fc87e9af8_o.jpg
43358468571,https://farm2.staticflickr.com/1781/43358468571_9336d5c450_o.jpg
42641776674,https://farm1.staticflickr.com/837/42641776674_a64fe24296_o.jpg
43309801612,https://farm2.staticflickr.com/1821/43309801612_842578ac13_o.jpg
29488266108,https://farm2.staticflickr.com/1822/29488266108_fd417ce9f1_o.jpg
43358343481,https://farm2.staticflickr.com/1804/43358343481_36efbebe46_o.jpg
29488207588,https://farm2.staticflickr.com/1809/29488207588_2fcf9489e2_o.jpg
29488165228,https://farm1.staticflickr.com/838/29488165228_fc4d260194_o.jpg
43358224911,https://farm2.staticflickr.com/1785/43358224911_a705515406_o.jpg
42454155295,https://farm1.staticflickr.com/922/42454155295_9c61426ea7_o.jpg
41549222920,https://farm2.staticflickr.com/1803/41549222920_ae06deb296_o.jpg
28489150977,https://farm2.staticflickr.com/1825/28489150977_7db5156fb5_o.jpg
42641377264,https://farm2.staticflickr.com/1767/42641377264_0d9ce8b6d7_o.jpg
28468059357,https://farm2.staticflickr.com/1807/28468059357_bf0f12808f_o.jpg
43286881532,https://farm2.staticflickr.com/1801/43286881532_f8cc4bb037_o.jpg
41527252810,https://farm2.staticflickr.com/1805/41527252810_54ec27e6c9_o.jpg
42432767515,https://farm1.staticflickr.com/843/42432767515_fe559bb81b_o.jpg
41526724030,https://farm2.staticflickr.com/1822/41526724030_769c3064af_o.jpg
42432013665,https://farm2.staticflickr.com/1805/42432013665_4d3ebcdb82_o.jpg
41507091820,https://farm1.staticflickr.com/926/41507091820_13867f1fa7_o.jpg
42412712435,https://farm2.staticflickr.com/1783/42412712435_56ed837804_o.jpg
42597786894,https://farm2.staticflickr.com/1788/42597786894_495faaf301_o.jpg
43265480402,https://farm2.staticflickr.com/1764/43265480402_6b6627e6c1_o.jpg
43315140581,https://farm1.staticflickr.com/919/43315140581_7c0d731f56_o.jpg
28445602487,https://farm2.staticflickr.com/1803/28445602487_df051abed7_o.jpg
43314727411,https://farm1.staticflickr.com/913/43314727411_d01afcdb7d_o.jpg
28445284127,https://farm2.staticflickr.com/1821/28445284127_8bbb1eb208_o.jpg
28425917257,https://farm2.staticflickr.com/1808/28425917257_9fb87cb16b_o.jpg
29424823818,https://farm2.staticflickr.com/1764/29424823818_30a2da8ac2_o.jpg
43244638982,https://farm2.staticflickr.com/1770/43244638982_22df135c0c_o.jpg
42576140404,https://farm2.staticflickr.com/1785/42576140404_2a171db261_o.jpg
43294178181,https://farm1.staticflickr.com/914/43294178181_9aae73dff6_o.jpg
43292623711,https://farm2.staticflickr.com/1810/43292623711_b894e46330_o.jpg
42574470894,https://farm1.staticflickr.com/836/42574470894_80875eb086_o.jpg
42574379204,https://farm2.staticflickr.com/1784/42574379204_225bed22a0_o.jpg
42574313374,https://farm2.staticflickr.com/1806/42574313374_b45a5754f1_o.jpg
41401068060,https://farm2.staticflickr.com/1830/41401068060_a1b6c23866_o.jpg
28341867637,https://farm2.staticflickr.com/1786/28341867637_d4a4cd2b80_o.jpg
28341829257,https://farm2.staticflickr.com/1808/28341829257_8b730746ef_o.jpg
42306676705,https://farm1.staticflickr.com/847/42306676705_31014daba4_o.jpg
29143388618,https://farm2.staticflickr.com/1783/29143388618_842a309dc1_o.jpg
42073750484,https://farm2.staticflickr.com/1723/42073750484_025c1e90b6_o.jpg
42791185291,https://farm2.staticflickr.com/1743/42791185291_3b275bd173_o.jpg
41890161345,https://farm2.staticflickr.com/1729/41890161345_bbe00774af_o.jpg
42073610184,https://farm2.staticflickr.com/1728/42073610184_07321c7ed9_o.jpg
42791026301,https://farm1.staticflickr.com/891/42791026301_abaeb29be4_o.jpg
41890031595,https://farm2.staticflickr.com/1730/41890031595_e6ce624d63_o.jpg
42073513144,https://farm1.staticflickr.com/899/42073513144_c195950ef3_o.jpg
42073423974,https://farm1.staticflickr.com/875/42073423974_1632a27fab_o.jpg
42741068722,https://farm1.staticflickr.com/883/42741068722_b414795c41_o.jpg
27920564157,https://farm2.staticflickr.com/1747/27920564157_062111f791_o.jpg
42072241294,https://farm2.staticflickr.com/1727/42072241294_5be9216dd6_o.jpg
42635726641,https://farm2.staticflickr.com/1731/42635726641_3d50dc214c_o.jpg
42584666292,https://farm2.staticflickr.com/1757/42584666292_89afff323b_o.jpg
41917540454,https://farm2.staticflickr.com/1756/41917540454_e3f31147bb_o.jpg
41735826765,https://farm2.staticflickr.com/1737/41735826765_076d8edc4a_o.jpg
42584501232,https://farm2.staticflickr.com/1750/42584501232_e212d42995_o.jpg
40827297940,https://farm2.staticflickr.com/1739/40827297940_8f91378f83_o.jpg
28761965638,https://farm2.staticflickr.com/1758/28761965638_e3d29590b8_o.jpg
42419232252,https://farm2.staticflickr.com/1730/42419232252_11bf569739_o.jpg
28597549138,https://farm1.staticflickr.com/893/28597549138_37b6ba892a_o.jpg
41567022035,https://farm1.staticflickr.com/877/41567022035_51a3156504_o.jpg
41746428954,https://farm2.staticflickr.com/1727/41746428954_fc2ce33a57_o.jpg
28596782638,https://farm2.staticflickr.com/1737/28596782638_6f95cf280b_o.jpg
42418141272,https://farm2.staticflickr.com/1746/42418141272_96c8b44412_o.jpg
42377490392,https://farm2.staticflickr.com/1757/42377490392_3ea8e0b4fe_o.jpg
41524853445,https://farm2.staticflickr.com/1755/41524853445_8618e081f4_o.jpg
42427240421,https://farm1.staticflickr.com/873/42427240421_c0f9dc550b_o.jpg
42377226372,https://farm2.staticflickr.com/1756/42377226372_909f2ee96b_o.jpg
41703718874,https://farm1.staticflickr.com/877/41703718874_0a12ce2bf3_o.jpg
42426662131,https://farm1.staticflickr.com/885/42426662131_7b6a06b397_o.jpg
42376751502,https://farm2.staticflickr.com/1742/42376751502_2562a6c0e8_o.jpg
40618846560,https://farm2.staticflickr.com/1740/40618846560_50b63b7583_o.jpg
41524031975,https://farm2.staticflickr.com/1755/41524031975_20fa59a7b9_o.jpg
41703449484,https://farm2.staticflickr.com/1742/41703449484_2e3f24e718_o.jpg
42376540982,https://farm2.staticflickr.com/1741/42376540982_8f26858175_o.jpg
41703378374,https://farm2.staticflickr.com/1741/41703378374_b3236d0d71_o.jpg
28552293788,https://farm1.staticflickr.com/877/28552293788_5d53e89b3e_o.jpg
41522940415,https://farm2.staticflickr.com/1735/41522940415_a52b0abfca_o.jpg
28552294198,https://farm2.staticflickr.com/1732/28552294198_fd4cbf696b_o.jpg
27555457047,https://farm2.staticflickr.com/1760/27555457047_ed7c1d662f_o.jpg
41522940685,https://farm1.staticflickr.com/886/41522940685_aaf4306235_o.jpg
41522940775,https://farm2.staticflickr.com/1739/41522940775_a70a2366fd_o.jpg
27555457627,https://farm2.staticflickr.com/1739/27555457627_89da64d927_o.jpg
41522941035,https://farm1.staticflickr.com/878/41522941035_9d09fd1e7a_o.jpg
27555458047,https://farm1.staticflickr.com/881/27555458047_6c5c7d53eb_o.jpg
41522941275,https://farm2.staticflickr.com/1749/41522941275_c7721813d0_o.jpg
41702245824,https://farm1.staticflickr.com/902/41702245824_b6bef12379_o.jpg
41522941445,https://farm2.staticflickr.com/1749/41522941445_2c3b75d946_o.jpg
41702246334,https://farm2.staticflickr.com/1733/41702246334_b388c22778_o.jpg
41522941515,https://farm2.staticflickr.com/1746/41522941515_02a14609cc_o.jpg
41702246864,https://farm2.staticflickr.com/1750/41702246864_d3fa0e348c_o.jpg
41522941745,https://farm2.staticflickr.com/1739/41522941745_7b28123baf_o.jpg
41702247594,https://farm1.staticflickr.com/878/41702247594_ae6fc1edb0_o.jpg
41522941975,https://farm2.staticflickr.com/1759/41522941975_6c077ce5b9_o.jpg
41702248094,https://farm2.staticflickr.com/1753/41702248094_26c8e23e96_o.jpg
41522942165,https://farm2.staticflickr.com/1742/41522942165_9ed75f36ac_o.jpg
41702248604,https://farm2.staticflickr.com/1741/41702248604_3d5de8b0d8_o.jpg
41522942415,https://farm2.staticflickr.com/1746/41522942415_54c4960c09_o.jpg
41702248994,https://farm2.staticflickr.com/1754/41702248994_5cf5bd362c_o.jpg
41522942615,https://farm2.staticflickr.com/1742/41522942615_ac49a6857f_o.jpg
41522942755,https://farm2.staticflickr.com/1730/41522942755_388cac78d6_o.jpg
41702250104,https://farm2.staticflickr.com/1728/41702250104_9cb410bc8c_o.jpg
41522942955,https://farm2.staticflickr.com/1756/41522942955_d5a15b30cd_o.jpg
42375305722,https://farm1.staticflickr.com/902/42375305722_81b9819e11_o.jpg
42375305882,https://farm1.staticflickr.com/897/42375305882_55f166f6d4_o.jpg
41702251384,https://farm1.staticflickr.com/881/41702251384_fb6aee1c37_o.jpg
41522864165,https://farm2.staticflickr.com/1730/41522864165_2cab806b8e_o.jpg
41702171014,https://farm2.staticflickr.com/1737/41702171014_74efd53637_o.jpg
27555316027,https://farm2.staticflickr.com/1758/27555316027_d625e9c93a_o.jpg
42425000491,https://farm2.staticflickr.com/1755/42425000491_f03e54f375_o.jpg
41702061134,https://farm2.staticflickr.com/1733/41702061134_7e6f447a40_o.jpg
28552059598,https://farm2.staticflickr.com/1758/28552059598_ebd65293d3_o.jpg
41798083041,https://farm1.staticflickr.com/962/41798083041_e8c64e56f2_o.jpg
41081600234,https://farm1.staticflickr.com/904/41081600234_a090b47b76_o.jpg
41081033864,https://farm1.staticflickr.com/969/41081033864_52f8084606_o.jpg
40899994645,https://farm1.staticflickr.com/826/40899994645_0ac2a23d70_o.jpg
27930898458,https://farm1.staticflickr.com/828/27930898458_e136c00ffd_o.jpg
26931206057,https://farm1.staticflickr.com/827/26931206057_5cdf7d08a4_o.jpg
41797357541,https://farm1.staticflickr.com/954/41797357541_e520e3d148_o.jpg
41797313371,https://farm1.staticflickr.com/979/41797313371_3d49490f4b_o.jpg
41796895051,https://farm1.staticflickr.com/975/41796895051_a446909b9f_o.jpg
41755694322,https://farm1.staticflickr.com/825/41755694322_22c94912b1_o.jpg
41080915634,https://farm1.staticflickr.com/949/41080915634_8c826c06dd_o.jpg
41080566284,https://farm1.staticflickr.com/973/41080566284_91a5c4569c_o.jpg
40898421495,https://farm1.staticflickr.com/864/40898421495_b00494e68a_o.jpg
27929127388,https://farm1.staticflickr.com/955/27929127388_c9a42dfcff_o.jpg
27928967058,https://farm1.staticflickr.com/951/27928967058_a2427e2b66_o.jpg
26929657857,https://farm1.staticflickr.com/951/26929657857_06c5a5d779_o.jpg
40995004884,https://farm1.staticflickr.com/977/40995004884_8cef994607_o.jpg
40995004704,https://farm1.staticflickr.com/975/40995004704_68782c19cd_o.jpg
40995004424,https://farm1.staticflickr.com/950/40995004424_b5d18cfd47_o.jpg
40995004094,https://farm1.staticflickr.com/943/40995004094_7fe5d43b47_o.jpg
40994349474,https://farm1.staticflickr.com/958/40994349474_071de955f0_o.jpg
27843394758,https://farm1.staticflickr.com/956/27843394758_9a0cd4f107_o.jpg
26844418977,https://farm1.staticflickr.com/973/26844418977_ebe79d6eee_o.jpg
41383408691,https://farm1.staticflickr.com/865/41383408691_6f605c70dc_o.jpg
41337111161,https://farm1.staticflickr.com/873/41337111161_02391d09c0_o.jpg
40669659784,https://farm1.staticflickr.com/867/40669659784_2577c4eea1_o.jpg
39904634940,https://farm1.staticflickr.com/956/39904634940_5a29ba4c7d_o.jpg
39904577430,https://farm1.staticflickr.com/961/39904577430_70970ebf96_o.jpg
39574116790,https://farm1.staticflickr.com/870/39574116790_75ca640c92_o.jpg
39574005120,https://farm1.staticflickr.com/790/39574005120_6875d7ab87_o.jpg
27464945908,https://farm1.staticflickr.com/898/27464945908_d5bd3540aa_o.jpg
26512935687,https://farm1.staticflickr.com/895/26512935687_868f8f655c_o.jpg
39527466930,https://farm1.staticflickr.com/878/39527466930_4a848d3f3d_o.jpg
39527408970,https://farm1.staticflickr.com/868/39527408970_e37426f44c_o.jpg
39527358760,https://farm1.staticflickr.com/886/39527358760_84fbf2c403_o.jpg
27464710468,https://farm1.staticflickr.com/897/27464710468_2c1c5a1466_o.jpg
40486642085,https://farm1.staticflickr.com/798/40486642085_80983c613f_o.jpg
41381611581,https://farm1.staticflickr.com/887/41381611581_c6e4807d51_o.jpg
40486555275,https://farm1.staticflickr.com/889/40486555275_bb40120083_o.jpg
40667783244,https://farm1.staticflickr.com/795/40667783244_7f5919d9e3_o.jpg
38821794450,https://farm5.staticflickr.com/4802/38821794450_ac760cccab_o.jpg
40590043882,https://farm5.staticflickr.com/4617/40590043882_8639b57b01_o.jpg
25761133747,https://farm5.staticflickr.com/4759/25761133747_eab0c9d4b5_o.jpg
40631718391,https://farm5.staticflickr.com/4721/40631718391_1f43f76638_o.jpg
39735883225,https://farm5.staticflickr.com/4614/39735883225_13cf641269_o.jpg
40589771472,https://farm5.staticflickr.com/4801/40589771472_dea26749d2_o.jpg
39735632995,https://farm5.staticflickr.com/4650/39735632995_5ba1a629c0_o.jpg
39920923394,https://farm5.staticflickr.com/4652/39920923394_9486bbfc2a_o.jpg
26624173348,https://farm5.staticflickr.com/4721/26624173348_a486854026_o.jpg
26623991258,https://farm5.staticflickr.com/4615/26623991258_2abaf8a259_o.jpg
39785061284,https://farm5.staticflickr.com/4741/39785061284_5d7e1c850a_o.jpg
40494765441,https://farm5.staticflickr.com/4768/40494765441_cc37bc3bce_o.jpg
38684630410,https://farm5.staticflickr.com/4768/38684630410_208c88e88b_o.jpg
39784945074,https://farm5.staticflickr.com/4674/39784945074_6358214a7c_o.jpg
39784868054,https://farm5.staticflickr.com/4675/39784868054_47a8ff1271_o.jpg
26623612718,https://farm5.staticflickr.com/4610/26623612718_fb3b9402e2_o.jpg
39598734445,https://farm5.staticflickr.com/4670/39598734445_3688437e4a_o.jpg
39784686894,https://farm5.staticflickr.com/4620/39784686894_fbe3b5b3aa_o.jpg
26623380118,https://farm5.staticflickr.com/4699/26623380118_d41a182021_o.jpg
25623733247,https://farm5.staticflickr.com/4707/25623733247_6a5c79e0af_o.jpg
39598488695,https://farm5.staticflickr.com/4752/39598488695_b320205d2f_o.jpg
39784319494,https://farm5.staticflickr.com/4654/39784319494_2d8bc89225_o.jpg
39784280584,https://farm5.staticflickr.com/4672/39784280584_6d074a4b3c_o.jpg
26623047728,https://farm5.staticflickr.com/4622/26623047728_b2ffee653d_o.jpg
40372419182,https://farm5.staticflickr.com/4749/40372419182_b1a622e860_o.jpg
39706010324,https://farm5.staticflickr.com/4707/39706010324_e80c65e053_o.jpg
39520596165,https://farm5.staticflickr.com/4653/39520596165_1e16d0b472_o.jpg
40372188502,https://farm5.staticflickr.com/4699/40372188502_89e66fa198_o.jpg
26545516938,https://farm5.staticflickr.com/4704/26545516938_91445b4d96_o.jpg
40416332721,https://farm5.staticflickr.com/4758/40416332721_08de7b6105_o.jpg
40415687231,https://farm5.staticflickr.com/4716/40415687231_72650d67bb_o.jpg
40415603641,https://farm5.staticflickr.com/4624/40415603641_e04e03cd3c_o.jpg
26524640918,https://farm5.staticflickr.com/4694/26524640918_cb49cebfbb_o.jpg
38584766370,https://farm5.staticflickr.com/4619/38584766370_f5d345b74f_o.jpg
40378325061,https://farm5.staticflickr.com/4650/40378325061_3eba58230d_o.jpg
39667459884,https://farm5.staticflickr.com/4720/39667459884_0f32bbe879_o.jpg
39667414504,https://farm5.staticflickr.com/4619/39667414504_5818f3f5fd_o.jpg
25505803237,https://farm5.staticflickr.com/4744/25505803237_22716665d4_o.jpg
26506640178,https://farm5.staticflickr.com/4622/26506640178_189df2986d_o.jpg
26506583428,https://farm5.staticflickr.com/4609/26506583428_3f3dbc5e32_o.jpg
40378106821,https://farm5.staticflickr.com/4650/40378106821_3747f09a83_o.jpg
26506520138,https://farm5.staticflickr.com/4666/26506520138_f2e232b0bc_o.jpg
39480734955,https://farm5.staticflickr.com/4764/39480734955_15d2feea1c_o.jpg
25505431387,https://farm5.staticflickr.com/4603/25505431387_e0aa36eb10_o.jpg
38566977380,https://farm5.staticflickr.com/4651/38566977380_1a68f04031_o.jpg
40377846651,https://farm5.staticflickr.com/4653/40377846651_5003d983a7_o.jpg
25505293117,https://farm5.staticflickr.com/4606/25505293117_1dc4150d9e_o.jpg
40332158442,https://farm5.staticflickr.com/4631/40332158442_a596ed19f4_o.jpg
39666820554,https://farm5.staticflickr.com/4715/39666820554_9bc7c7d22a_o.jpg
39480377955,https://farm5.staticflickr.com/4723/39480377955_a2858a92b6_o.jpg
40377357771,https://farm5.staticflickr.com/4678/40377357771_451704ac3a_o.jpg
40377247711,https://farm5.staticflickr.com/4703/40377247711_c56cdcc072_o.jpg
40377206971,https://farm5.staticflickr.com/4664/40377206971_4467d25dc7_o.jpg
40331531982,https://farm5.staticflickr.com/4707/40331531982_b731453bab_o.jpg
26505545768,https://farm5.staticflickr.com/4672/26505545768_f2fe4c8cf6_o.jpg
40376892251,https://farm5.staticflickr.com/4614/40376892251_fd68447b8a_o.jpg
40376865821,https://farm5.staticflickr.com/4652/40376865821_38ca58f27d_o.jpg
40331160422,https://farm5.staticflickr.com/4631/40331160422_b06a9dafdc_o.jpg
39665913454,https://farm5.staticflickr.com/4770/39665913454_27ce3dc5ae_o.jpg
39479595285,https://farm5.staticflickr.com/4616/39479595285_8076a4c916_o.jpg
25504326307,https://farm5.staticflickr.com/4609/25504326307_6ee9dcf735_o.jpg
25504289757,https://farm5.staticflickr.com/4676/25504289757_5d677c351f_o.jpg
40330957962,https://farm5.staticflickr.com/4674/40330957962_aff73e2821_o.jpg
25504183677,https://farm5.staticflickr.com/4746/25504183677_0b5df55136_o.jpg
38565932240,https://farm5.staticflickr.com/4701/38565932240_44732682d4_o.jpg
40330828872,https://farm5.staticflickr.com/4766/40330828872_c42a88f588_o.jpg
39665614354,https://farm5.staticflickr.com/4747/39665614354_c3d7c18e6f_o.jpg
40376409871,https://farm5.staticflickr.com/4657/40376409871_01d37364d4_o.jpg
40330704522,https://farm5.staticflickr.com/4756/40330704522_7c0b955e11_o.jpg
39665485414,https://farm5.staticflickr.com/4678/39665485414_e4bbe45c44_o.jpg
40376261271,https://farm5.staticflickr.com/4764/40376261271_b214d870d9_o.jpg
38902245184,https://farm5.staticflickr.com/4720/38902245184_c0ea2ac2d5_o.jpg
38902180864,https://farm5.staticflickr.com/4621/38902180864_278da5d0a1_o.jpg
38714124295,https://farm5.staticflickr.com/4717/38714124295_819f616e12_o.jpg
39610231881,https://farm5.staticflickr.com/4667/39610231881_2a8c3a3d71_o.jpg
27373858629,https://farm5.staticflickr.com/4592/27373858629_36b00835f6_o.jpg
27373727679,https://farm5.staticflickr.com/4597/27373727679_0439760cfa_o.jpg
27373678649,https://farm5.staticflickr.com/4689/27373678649_891bc5104f_o.jpg
24005459107,https://farm5.staticflickr.com/4544/24005459107_6f5e02a64e_o.jpg
38132840264,https://farm5.staticflickr.com/4579/38132840264_48c0e2f297_o.jpg
27072132419,https://farm5.staticflickr.com/4538/27072132419_a32e2a3780_o.jpg
38848943391,https://farm5.staticflickr.com/4553/38848943391_1606d6eef9_o.jpg
23983458577,https://farm5.staticflickr.com/4578/23983458577_43b3317a20_o.jpg
38817389072,https://farm5.staticflickr.com/4516/38817389072_0ca655c481_o.jpg
24976040928,https://farm5.staticflickr.com/4568/24976040928_aae0437ed0_o.jpg
38827682911,https://farm5.staticflickr.com/4561/38827682911_f4cc82e581_o.jpg
38827653621,https://farm5.staticflickr.com/4573/38827653621_9bab4b58e9_o.jpg
24954625178,https://farm5.staticflickr.com/4554/24954625178_122bda1526_o.jpg
38796277182,https://farm5.staticflickr.com/4526/38796277182_56c4d2d9c4_o.jpg
38111113524,https://farm5.staticflickr.com/4536/38111113524_35a9965134_o.jpg
24954547798,https://farm5.staticflickr.com/4528/24954547798_3972d328d0_o.jpg
38111040824,https://farm5.staticflickr.com/4533/38111040824_065f03ba47_o.jpg
38111010224,https://farm5.staticflickr.com/4537/38111010224_e5100732c8_o.jpg
23962313127,https://farm5.staticflickr.com/4563/23962313127_d4e25bb319_o.jpg
38826789581,https://farm5.staticflickr.com/4529/38826789581_4953df9379_o.jpg
23962250567,https://farm5.staticflickr.com/4520/23962250567_f9b9c25519_o.jpg
23960498297,https://farm5.staticflickr.com/4578/23960498297_04829832e4_o.jpg
37938527245,https://farm5.staticflickr.com/4554/37938527245_3d7e2bc3f9_o.jpg
37938454915,https://farm5.staticflickr.com/4522/37938454915_2ee27de01f_o.jpg
38108760064,https://farm5.staticflickr.com/4522/38108760064_c54c9fc305_o.jpg
37938297325,https://farm5.staticflickr.com/4582/37938297325_34e123cfe1_o.jpg
38793815032,https://farm5.staticflickr.com/4547/38793815032_4d461568e0_o.jpg
27048433499,https://farm5.staticflickr.com/4572/27048433499_ba502bc7a9_o.jpg
26944024619,https://farm5.staticflickr.com/4554/26944024619_24170de5cd_o.jpg
38664296926,https://farm5.staticflickr.com/4518/38664296926_5dce56c69d_o.jpg
24846812258,https://farm5.staticflickr.com/4546/24846812258_d510812de8_o.jpg
26943433379,https://farm5.staticflickr.com/4553/26943433379_fa7dd23713_o.jpg
38001660134,https://farm5.staticflickr.com/4540/38001660134_a7cdaa3e9c_o.jpg
37831492195,https://farm5.staticflickr.com/4569/37831492195_3e40355f09_o.jpg
38686688062,https://farm5.staticflickr.com/4563/38686688062_b5762290c6_o.jpg
24845878818,https://farm5.staticflickr.com/4569/24845878818_774d23288f_o.jpg
24845796148,https://farm5.staticflickr.com/4544/24845796148_0728c8c30d_o.jpg
38718325061,https://farm5.staticflickr.com/4584/38718325061_422c841f61_o.jpg
38686449122,https://farm5.staticflickr.com/4578/38686449122_dcc8fe308d_o.jpg
26942909419,https://farm5.staticflickr.com/4552/26942909419_c9b0c8d54c_o.jpg
26942896689,https://farm5.staticflickr.com/4528/26942896689_e7e04a476f_o.jpg
38662991926,https://farm5.staticflickr.com/4562/38662991926_2ed46e72a9_o.jpg
38662993756,https://farm5.staticflickr.com/4534/38662993756_3319dd16b6_o.jpg
38662947086,https://farm5.staticflickr.com/4536/38662947086_d2d35f3439_o.jpg
37830902935,https://farm5.staticflickr.com/4542/37830902935_1cda3615ac_o.jpg
26942704379,https://farm5.staticflickr.com/4555/26942704379_7d0d686e1f_o.jpg
37830787695,https://farm5.staticflickr.com/4539/37830787695_0172a7f85c_o.jpg
38662778106,https://farm5.staticflickr.com/4539/38662778106_304098429f_o.jpg
37830600235,https://farm5.staticflickr.com/4568/37830600235_10e70b619f_o.jpg
37830395915,https://farm5.staticflickr.com/4579/37830395915_b13a3436d4_o.jpg
38717547361,https://farm5.staticflickr.com/4574/38717547361_a8c88c297d_o.jpg
37829671515,https://farm5.staticflickr.com/4567/37829671515_28d8bf81da_o.jpg
26941553359,https://farm5.staticflickr.com/4551/26941553359_bc90cfc35a_o.jpg
26941474559,https://farm5.staticflickr.com/4523/26941474559_54ef4273b0_o.jpg
26941394589,https://farm5.staticflickr.com/4550/26941394589_8f5eee58a7_o.jpg
37999645734,https://farm5.staticflickr.com/4568/37999645734_150ca4b14f_o.jpg
38661259936,https://farm5.staticflickr.com/4583/38661259936_c935b4b7c4_o.jpg
26940934399,https://farm5.staticflickr.com/4533/26940934399_97c909aaec_o.jpg
38684568062,https://farm5.staticflickr.com/4556/38684568062_09f782bf56_o.jpg
26922488609,https://farm5.staticflickr.com/4534/26922488609_597e6e2b9d_o.jpg
38698788211,https://farm5.staticflickr.com/4547/38698788211_01aeb5e6dd_o.jpg
26922296389,https://farm5.staticflickr.com/4547/26922296389_f99da31d23_o.jpg
38665216902,https://farm5.staticflickr.com/4554/38665216902_5a804d9852_o.jpg
38697979701,https://farm5.staticflickr.com/4539/38697979701_6e463ff5ea_o.jpg
38697925311,https://farm5.staticflickr.com/4581/38697925311_a1317ac2f5_o.jpg
37979675644,https://farm5.staticflickr.com/4542/37979675644_35e210c38f_o.jpg
24824688528,https://farm5.staticflickr.com/4566/24824688528_52db354401_o.jpg
26921398509,https://farm5.staticflickr.com/4525/26921398509_3ff44a265c_o.jpg
38664899362,https://farm5.staticflickr.com/4535/38664899362_898a0726b0_o.jpg
37979353914,https://farm5.staticflickr.com/4544/37979353914_58eae22cf0_o.jpg
37809084655,https://farm5.staticflickr.com/4557/37809084655_7a8190481c_o.jpg
37979027914,https://farm5.staticflickr.com/4517/37979027914_b73334fa90_o.jpg
24824204198,https://farm5.staticflickr.com/4521/24824204198_d62123bebf_o.jpg
38697298301,https://farm5.staticflickr.com/4541/38697298301_31b2731714_o.jpg
37979009134,https://farm5.staticflickr.com/4516/37979009134_4e75676473_o.jpg
38697114281,https://farm5.staticflickr.com/4562/38697114281_09a25d13df_o.jpg
26920747949,https://farm5.staticflickr.com/4550/26920747949_bc75ef965f_o.jpg
37978797334,https://farm5.staticflickr.com/4570/37978797334_1fd7a174e6_o.jpg
38697017591,https://farm5.staticflickr.com/4552/38697017591_e890108095_o.jpg
37808442065,https://farm5.staticflickr.com/4522/37808442065_d4d6959e9a_o.jpg
38640394086,https://farm5.staticflickr.com/4579/38640394086_0ec1c26c01_o.jpg
38640262556,https://farm5.staticflickr.com/4545/38640262556_5e0accfb46_o.jpg
37808226635,https://farm5.staticflickr.com/4551/37808226635_478dce074b_o.jpg
24822085338,https://farm5.staticflickr.com/4522/24822085338_f2ed0bbdcf_o.jpg
26900605189,https://farm5.staticflickr.com/4575/26900605189_0ddc904e6f_o.jpg
26900496389,https://farm5.staticflickr.com/4529/26900496389_e7777dbded_o.jpg
26900376129,https://farm5.staticflickr.com/4585/26900376129_6aca9f0b96_o.jpg
37958488444,https://farm5.staticflickr.com/4557/37958488444_5d96a8725b_o.jpg
37788707035,https://farm5.staticflickr.com/4571/37788707035_b35b246c7f_o.jpg
37958432084,https://farm5.staticflickr.com/4563/37958432084_c13c6c5f67_o.jpg
38643798042,https://farm5.staticflickr.com/4571/38643798042_ec5880ef92_o.jpg
37957973514,https://farm5.staticflickr.com/4557/37957973514_a42e7cd05e_o.jpg
38643718432,https://farm5.staticflickr.com/4534/38643718432_8fc85c8770_o.jpg
26899592519,https://farm5.staticflickr.com/4580/26899592519_d19dd72265_o.jpg
38619643246,https://farm5.staticflickr.com/4529/38619643246_646560cf93_o.jpg
38675525621,https://farm5.staticflickr.com/4573/38675525621_6f88ee2dd3_o.jpg
24803009958,https://farm5.staticflickr.com/4530/24803009958_e5d9634121_o.jpg
37957515984,https://farm5.staticflickr.com/4515/37957515984_cc19da73a9_o.jpg
37787682625,https://farm5.staticflickr.com/4568/37787682625_0d23f62115_o.jpg
37786711805,https://farm5.staticflickr.com/4562/37786711805_3f33ca89c2_o.jpg
38642173592,https://farm5.staticflickr.com/4538/38642173592_9b1d504fbe_o.jpg
26898240629,https://farm5.staticflickr.com/4552/26898240629_7e3f1d1c96_o.jpg
38618342076,https://farm5.staticflickr.com/4553/38618342076_7ce07e002a_o.jpg
26898114109,https://farm5.staticflickr.com/4567/26898114109_1d41792dbe_o.jpg
26898043649,https://farm5.staticflickr.com/4526/26898043649_c3d6f21342_o.jpg
38673932471,https://farm5.staticflickr.com/4558/38673932471_87e30bd81a_o.jpg
26897900399,https://farm5.staticflickr.com/4532/26897900399_25a2ac31f8_o.jpg
38673823671,https://farm5.staticflickr.com/4566/38673823671_1b1d7c6c7f_o.jpg
26897772059,https://farm5.staticflickr.com/4542/26897772059_da7d963c57_o.jpg
38538978126,https://farm5.staticflickr.com/4585/38538978126_472c8b726b_o.jpg
24723722448,https://farm5.staticflickr.com/4531/24723722448_8eacc15a08_o.jpg
26819150019,https://farm5.staticflickr.com/4569/26819150019_71009aba43_o.jpg
24723531748,https://farm5.staticflickr.com/4583/24723531748_55e6634808_o.jpg
37878589674,https://farm5.staticflickr.com/4538/37878589674_ed97a999f9_o.jpg
38538335726,https://farm5.staticflickr.com/4517/38538335726_f0cb883247_o.jpg
37878244704,https://farm5.staticflickr.com/4519/37878244704_f434b6acf1_o.jpg
38538265156,https://farm5.staticflickr.com/4585/38538265156_9d7408fa2a_o.jpg
38595366421,https://farm5.staticflickr.com/4546/38595366421_ccc510e65f_o.jpg
37878072914,https://farm5.staticflickr.com/4520/37878072914_4e8ca4a90d_o.jpg
24722842768,https://farm5.staticflickr.com/4518/24722842768_14dd9e1027_o.jpg
38538001386,https://farm5.staticflickr.com/4551/38538001386_0e51f1396c_o.jpg
37707000355,https://farm5.staticflickr.com/4520/37707000355_22307cb37c_o.jpg
38537842766,https://farm5.staticflickr.com/4546/38537842766_1478e53401_o.jpg
37706838505,https://farm5.staticflickr.com/4533/37706838505_089f62bb66_o.jpg
26818081559,https://farm5.staticflickr.com/4555/26818081559_f7193970b5_o.jpg
26818027619,https://farm5.staticflickr.com/4560/26818027619_68f8b5fa33_o.jpg
38521531056,https://farm5.staticflickr.com/4530/38521531056_9ab79bcb4b_o.jpg
26802185339,https://farm5.staticflickr.com/4553/26802185339_3e92bdb72b_o.jpg
37690235345,https://farm5.staticflickr.com/4529/37690235345_7282446cef_o.jpg
38546168222,https://farm5.staticflickr.com/4573/38546168222_0be39553b0_o.jpg
37689992055,https://farm5.staticflickr.com/4543/37689992055_cbe6d23712_o.jpg
37689403045,https://farm5.staticflickr.com/4571/37689403045_68bbc10a5d_o.jpg
37860738714,https://farm5.staticflickr.com/4549/37860738714_b46072354c_o.jpg
37860625404,https://farm5.staticflickr.com/4548/37860625404_2436b70103_o.jpg
37688576895,https://farm5.staticflickr.com/4532/37688576895_e09df56801_o.jpg
38519433286,https://farm5.staticflickr.com/4575/38519433286_69546b9244_o.jpg
38502298256,https://farm5.staticflickr.com/4584/38502298256_54b9f2ea8c_o.jpg
38558624851,https://farm5.staticflickr.com/4565/38558624851_d9cfd468a8_o.jpg
38526695552,https://farm5.staticflickr.com/4546/38526695552_d0284591f6_o.jpg
38525595942,https://farm5.staticflickr.com/4544/38525595942_4e210177ea_o.jpg
38525542882,https://farm5.staticflickr.com/4545/38525542882_0d2f2d7d03_o.jpg
38500852016,https://farm5.staticflickr.com/4580/38500852016_9009999200_o.jpg
38500738436,https://farm5.staticflickr.com/4549/38500738436_b663823598_o.jpg
38557017981,https://farm5.staticflickr.com/4546/38557017981_b36d0c7b9c_o.jpg
38525274132,https://farm5.staticflickr.com/4518/38525274132_b9b599c396_o.jpg
38500567076,https://farm5.staticflickr.com/4552/38500567076_b97b83ae83_o.jpg
38500509706,https://farm5.staticflickr.com/4528/38500509706_bf9e36794b_o.jpg
26780712359,https://farm5.staticflickr.com/4534/26780712359_fa6090cd25_o.jpg
26761940129,https://farm5.staticflickr.com/4539/26761940129_8bc07e27ee_o.jpg
38506150192,https://farm5.staticflickr.com/4548/38506150192_e69e3ba5ef_o.jpg
38537562271,https://farm5.staticflickr.com/4539/38537562271_e89c0cf490_o.jpg
38481698836,https://farm5.staticflickr.com/4519/38481698836_089ecc6d91_o.jpg
37649951735,https://farm5.staticflickr.com/4533/37649951735_31114b0160_o.jpg
26761678939,https://farm5.staticflickr.com/4544/26761678939_b82c8a3111_o.jpg
26761650709,https://farm5.staticflickr.com/4574/26761650709_4826c72894_o.jpg
38537284081,https://farm5.staticflickr.com/4538/38537284081_2fd399f3b9_o.jpg
24664911248,https://farm5.staticflickr.com/4563/24664911248_6a624c2194_o.jpg
38537184671,https://farm5.staticflickr.com/4578/38537184671_002fa6aa74_o.jpg
38504766692,https://farm5.staticflickr.com/4524/38504766692_1d7df07b38_o.jpg
37648767075,https://farm5.staticflickr.com/4577/37648767075_13b3f6feed_o.jpg
38504602272,https://farm5.staticflickr.com/4517/38504602272_2976c7a456_o.jpg
38504483832,https://farm5.staticflickr.com/4553/38504483832_dd02928b63_o.jpg
24663686398,https://farm5.staticflickr.com/4573/24663686398_c7925309aa_o.jpg
38424575982,https://farm5.staticflickr.com/4541/38424575982_1620ba72ab_o.jpg
38424482492,https://farm5.staticflickr.com/4552/38424482492_c96a6992e3_o.jpg
38424392512,https://farm5.staticflickr.com/4515/38424392512_bf330b1ce7_o.jpg
37569810265,https://farm5.staticflickr.com/4549/37569810265_3c9f147b64_o.jpg
38453706831,https://farm5.staticflickr.com/4569/38453706831_6bb691d81a_o.jpg
37566908965,https://farm5.staticflickr.com/4557/37566908965_84dd0b63bf_o.jpg
37566824875,https://farm5.staticflickr.com/4516/37566824875_7bdfb2a2c6_o.jpg
24581934608,https://farm5.staticflickr.com/4559/24581934608_2937727909_o.jpg
38453241401,https://farm5.staticflickr.com/4581/38453241401_d6e278d386_o.jpg
38421026802,https://farm5.staticflickr.com/4539/38421026802_4c09e527e0_o.jpg
24581695538,https://farm5.staticflickr.com/4581/24581695538_956d3e0659_o.jpg
38403107472,https://farm5.staticflickr.com/4518/38403107472_dbb45a11c4_o.jpg
26658119919,https://farm5.staticflickr.com/4526/26658119919_3f56956de8_o.jpg
38434565171,https://farm5.staticflickr.com/4581/38434565171_f38ddebd8a_o.jpg
26658068789,https://farm5.staticflickr.com/4568/26658068789_01671a4bfc_o.jpg
38377951056,https://farm5.staticflickr.com/4530/38377951056_75dd5bcb60_o.jpg
38377888266,https://farm5.staticflickr.com/4564/38377888266_af5954b931_o.jpg
38402277282,https://farm5.staticflickr.com/4515/38402277282_522b03e825_o.jpg
37719048004,https://farm5.staticflickr.com/4573/37719048004_4e9a65df56_o.jpg
38433599081,https://farm5.staticflickr.com/4571/38433599081_2fba10fce6_o.jpg
24562171198,https://farm5.staticflickr.com/4577/24562171198_ef119d00d1_o.jpg
24562133978,https://farm5.staticflickr.com/4532/24562133978_6f60813c8a_o.jpg
38377448686,https://farm5.staticflickr.com/4584/38377448686_ae8d6c4513_o.jpg
26656928999,https://farm5.staticflickr.com/4535/26656928999_98986f7cbf_o.jpg
38433070261,https://farm5.staticflickr.com/4569/38433070261_0acfb9d450_o.jpg
37718477414,https://farm5.staticflickr.com/4566/37718477414_b24d90399f_o.jpg
38432915951,https://farm5.staticflickr.com/4550/38432915951_abfe2efcf4_o.jpg
24561600048,https://farm5.staticflickr.com/4547/24561600048_bdcbb09bc2_o.jpg
38401435512,https://farm5.staticflickr.com/4521/38401435512_8e08921765_o.jpg
38401404522,https://farm5.staticflickr.com/4517/38401404522_8cc5f7b16d_o.jpg
38432637131,https://farm5.staticflickr.com/4543/38432637131_dde360172b_o.jpg
26656336329,https://farm5.staticflickr.com/4560/26656336329_d313a7f10f_o.jpg
38376768046,https://farm5.staticflickr.com/4525/38376768046_cc4d1ea57c_o.jpg
26656123879,https://farm5.staticflickr.com/4552/26656123879_b798faf2fd_o.jpg
38432316751,https://farm5.staticflickr.com/4515/38432316751_f813300526_o.jpg
26655930469,https://farm5.staticflickr.com/4551/26655930469_0c9e2d8e5b_o.jpg
38400839032,https://farm5.staticflickr.com/4543/38400839032_79e039793b_o.jpg
24541357148,https://farm5.staticflickr.com/4562/24541357148_38c6c71c9e_o.jpg
38412501481,https://farm5.staticflickr.com/4568/38412501481_541dba8030_o.jpg
38356922406,https://farm5.staticflickr.com/4543/38356922406_5ae735ee9f_o.jpg
24540980828,https://farm5.staticflickr.com/4578/24540980828_9a40d1e668_o.jpg
38412095491,https://farm5.staticflickr.com/4563/38412095491_711ca4f026_o.jpg
24540922888,https://farm5.staticflickr.com/4536/24540922888_9b5790c572_o.jpg
26635916489,https://farm5.staticflickr.com/4515/26635916489_92f56cdd79_o.jpg
24540814148,https://farm5.staticflickr.com/4569/24540814148_2328857368_o.jpg
38380349812,https://farm5.staticflickr.com/4566/38380349812_0dbd8c5348_o.jpg
24540694658,https://farm5.staticflickr.com/4554/24540694658_614d2ba4db_o.jpg
24540719758,https://farm5.staticflickr.com/4563/24540719758_c9d8bc3957_o.jpg
38380158212,https://farm5.staticflickr.com/4518/38380158212_ce669b8b91_o.jpg
26635650069,https://farm5.staticflickr.com/4556/26635650069_fbaca0832e_o.jpg
26635540409,https://farm5.staticflickr.com/4532/26635540409_32274d05a5_o.jpg
26635522059,https://farm5.staticflickr.com/4559/26635522059_48d0f81413_o.jpg
38356193856,https://farm5.staticflickr.com/4579/38356193856_5c9fa9c4cb_o.jpg
38411497451,https://farm5.staticflickr.com/4517/38411497451_fb73bb0628_o.jpg
24540400498,https://farm5.staticflickr.com/4576/24540400498_7eb0d09f65_o.jpg
24540337488,https://farm5.staticflickr.com/4585/24540337488_1bb1ece67b_o.jpg
26635296469,https://farm5.staticflickr.com/4524/26635296469_832a430dd0_o.jpg
37697067894,https://farm5.staticflickr.com/4572/37697067894_336171489d_o.jpg
24540188788,https://farm5.staticflickr.com/4582/24540188788_2b4f4e531b_o.jpg
38411176561,https://farm5.staticflickr.com/4517/38411176561_819c736898_o.jpg
38355751666,https://farm5.staticflickr.com/4534/38355751666_651d773d8b_o.jpg
38410679471,https://farm5.staticflickr.com/4525/38410679471_13a2e8a6bc_o.jpg
37696321824,https://farm5.staticflickr.com/4519/37696321824_6492b8552a_o.jpg
24539371248,https://farm5.staticflickr.com/4568/24539371248_fb589e5a70_o.jpg
24539366888,https://farm5.staticflickr.com/4515/24539366888_66cd22e371_o.jpg
26634396369,https://farm5.staticflickr.com/4571/26634396369_e87022be58_o.jpg
37696126154,https://farm5.staticflickr.com/4574/37696126154_9c7249f919_o.jpg
38355137276,https://farm5.staticflickr.com/4522/38355137276_639fd88786_o.jpg
24539173958,https://farm5.staticflickr.com/4542/24539173958_26f6a720f1_o.jpg
24539149868,https://farm5.staticflickr.com/4584/24539149868_c9084da577_o.jpg
38354958796,https://farm5.staticflickr.com/4553/38354958796_cb990403a3_o.jpg
38378529042,https://farm5.staticflickr.com/4535/38378529042_685565391d_o.jpg
24538921528,https://farm5.staticflickr.com/4559/24538921528_3119202f4b_o.jpg
38378359712,https://farm5.staticflickr.com/4568/38378359712_d0b03be2f0_o.jpg
38410019091,https://farm5.staticflickr.com/4566/38410019091_1914f07537_o.jpg
38377139492,https://farm5.staticflickr.com/4562/38377139492_5bbc24dbcd_o.jpg
38353394286,https://farm5.staticflickr.com/4555/38353394286_922be6466d_o.jpg
26632645749,https://farm5.staticflickr.com/4570/26632645749_6ce09a26f4_o.jpg
38408709641,https://farm5.staticflickr.com/4550/38408709641_b58f99ab0d_o.jpg
38376764832,https://farm5.staticflickr.com/4566/38376764832_7b2dc5440d_o.jpg
24537517068,https://farm5.staticflickr.com/4557/24537517068_55d721f21d_o.jpg
38408629641,https://farm5.staticflickr.com/4552/38408629641_2bc0d9ffdb_o.jpg
38331816956,https://farm5.staticflickr.com/4527/38331816956_e6d73f5aac_o.jpg
38386574441,https://farm5.staticflickr.com/4571/38386574441_b1d1f48697_o.jpg
26610682169,https://farm5.staticflickr.com/4529/26610682169_6daf02f4e1_o.jpg
38331656116,https://farm5.staticflickr.com/4562/38331656116_c14ac3f0de_o.jpg
38330462046,https://farm5.staticflickr.com/4541/38330462046_5d6421684f_o.jpg
37670729134,https://farm5.staticflickr.com/4521/37670729134_223b00d10b_o.jpg
38355113312,https://farm5.staticflickr.com/4519/38355113312_96bdc6fb46_o.jpg
38385408121,https://farm5.staticflickr.com/4535/38385408121_378a57428a_o.jpg
38354978962,https://farm5.staticflickr.com/4534/38354978962_6ac78c216f_o.jpg
37670511904,https://farm5.staticflickr.com/4585/37670511904_ca0172b37f_o.jpg
38354901752,https://farm5.staticflickr.com/4553/38354901752_23f43e08de_o.jpg
26609388289,https://farm5.staticflickr.com/4564/26609388289_1600656f55_o.jpg
38354736762,https://farm5.staticflickr.com/4531/38354736762_7bf00bb979_o.jpg
37670335134,https://farm5.staticflickr.com/4570/37670335134_8da0b3d55a_o.jpg
38385048791,https://farm5.staticflickr.com/4548/38385048791_6561dceb47_o.jpg
38354597452,https://farm5.staticflickr.com/4536/38354597452_b181979bb0_o.jpg
24514126988,https://farm5.staticflickr.com/4519/24514126988_808100182a_o.jpg
38384871721,https://farm5.staticflickr.com/4524/38384871721_8c09f12c71_o.jpg
38384779761,https://farm5.staticflickr.com/4542/38384779761_e7370c7162_o.jpg
38354434212,https://farm5.staticflickr.com/4522/38354434212_aeb1409376_o.jpg
26609011779,https://farm5.staticflickr.com/4558/26609011779_3e4bacc417_o.jpg
38329676486,https://farm5.staticflickr.com/4519/38329676486_79c4988264_o.jpg
38329591536,https://farm5.staticflickr.com/4521/38329591536_f995ae856e_o.jpg
38384537101,https://farm5.staticflickr.com/4585/38384537101_ef601e973d_o.jpg
38329484596,https://farm5.staticflickr.com/4551/38329484596_1b61805dac_o.jpg
38384423501,https://farm5.staticflickr.com/4570/38384423501_40acd843ee_o.jpg
24513831438,https://farm5.staticflickr.com/4569/24513831438_6ddd21d268_o.jpg
24513735118,https://farm5.staticflickr.com/4571/24513735118_76e9af4e29_o.jpg
37669853424,https://farm5.staticflickr.com/4537/37669853424_2349233987_o.jpg
37669807164,https://farm5.staticflickr.com/4569/37669807164_a594a76ca1_o.jpg
38354003382,https://farm5.staticflickr.com/4531/38354003382_22f9c57264_o.jpg
38353970242,https://farm5.staticflickr.com/4520/38353970242_888094cb97_o.jpg
24513540388,https://farm5.staticflickr.com/4546/24513540388_2975575193_o.jpg
26608586379,https://farm5.staticflickr.com/4551/26608586379_30c4b0dde3_o.jpg
38353853782,https://farm5.staticflickr.com/4562/38353853782_ddf7d67fed_o.jpg
38384088541,https://farm5.staticflickr.com/4572/38384088541_8cd37684be_o.jpg
38383983681,https://farm5.staticflickr.com/4573/38383983681_64c00a1d2c_o.jpg
24513385398,https://farm5.staticflickr.com/4523/24513385398_644a36e4b4_o.jpg
38353599722,https://farm5.staticflickr.com/4533/38353599722_f8014278dc_o.jpg
26506565929,https://farm5.staticflickr.com/4564/26506565929_6375d1db05_o.jpg
37571411254,https://farm5.staticflickr.com/4560/37571411254_728fa84337_o.jpg
37571331374,https://farm5.staticflickr.com/4579/37571331374_3b4e5b0da7_o.jpg
38227368726,https://farm5.staticflickr.com/4574/38227368726_0417e9f033_o.jpg
38227139346,https://farm5.staticflickr.com/4574/38227139346_4a61f1eaca_o.jpg
37570874694,https://farm5.staticflickr.com/4585/37570874694_2d30a9190e_o.jpg
38281752091,https://farm5.staticflickr.com/4544/38281752091_860a916a41_o.jpg
38226783806,https://farm5.staticflickr.com/4552/38226783806_2110bc7038_o.jpg
37570438034,https://farm5.staticflickr.com/4564/37570438034_f026d91cc2_o.jpg
24410244438,https://farm5.staticflickr.com/4518/24410244438_392092b6cf_o.jpg
24409782298,https://farm5.staticflickr.com/4560/24409782298_75b98e6198_o.jpg
38279508671,https://farm5.staticflickr.com/4520/38279508671_3d3a5ee966_o.jpg
38247221432,https://farm5.staticflickr.com/4576/38247221432_24ea936ec5_o.jpg
24408433498,https://farm5.staticflickr.com/4529/24408433498_69043866db_o.jpg
24408262328,https://farm5.staticflickr.com/4551/24408262328_9623ca9063_o.jpg
26503200939,https://farm5.staticflickr.com/4527/26503200939_3231c77bb6_o.jpg
26482215229,https://farm5.staticflickr.com/4576/26482215229_8a0fcdd358_o.jpg
26482143179,https://farm5.staticflickr.com/4558/26482143179_6268d11b56_o.jpg
38203742756,https://farm5.staticflickr.com/4586/38203742756_8daaf4da07_o.jpg
26332464669,https://farm5.staticflickr.com/4503/26332464669_4006d7834b_o.jpg
24256637448,https://farm5.staticflickr.com/4444/24256637448_64bdbd421b_o.jpg
38108809251,https://farm5.staticflickr.com/4513/38108809251_f10795f806_o.jpg
26332269479,https://farm5.staticflickr.com/4459/26332269479_16238e3a68_o.jpg
26331713639,https://farm5.staticflickr.com/4513/26331713639_6a5a5cc29b_o.jpg
24254932888,https://farm5.staticflickr.com/4503/24254932888_52cd8f876f_o.jpg
37398224024,https://farm5.staticflickr.com/4510/37398224024_e6ed4c6ac5_o.jpg
37398117164,https://farm5.staticflickr.com/4482/37398117164_28a52c08bd_o.jpg
38053237856,https://farm5.staticflickr.com/4457/38053237856_3ebb1275b4_o.jpg
37398006534,https://farm5.staticflickr.com/4449/37398006534_3c33917c1b_o.jpg
38062317961,https://farm5.staticflickr.com/4501/38062317961_2643f4289e_o.jpg
37352462054,https://farm5.staticflickr.com/4500/37352462054_d57139d4d6_o.jpg
24209172018,https://farm5.staticflickr.com/4476/24209172018_3baeb62b93_o.jpg
38061806991,https://farm5.staticflickr.com/4507/38061806991_707a530032_o.jpg
38060128971,https://farm5.staticflickr.com/4470/38060128971_cb0bd59056_o.jpg
38029160692,https://farm5.staticflickr.com/4456/38029160692_c56506f66a_o.jpg
38029083302,https://farm5.staticflickr.com/4443/38029083302_8f24d543f8_o.jpg
37350169294,https://farm5.staticflickr.com/4465/37350169294_1d22b81c33_o.jpg
38059585691,https://farm5.staticflickr.com/4477/38059585691_e813a040ec_o.jpg
37349974174,https://farm5.staticflickr.com/4444/37349974174_b2e660063c_o.jpg
38005965206,https://farm5.staticflickr.com/4480/38005965206_23459315d6_o.jpg
37349785504,https://farm5.staticflickr.com/4470/37349785504_a180f94057_o.jpg
38004869686,https://farm5.staticflickr.com/4456/38004869686_3fc6e55b72_o.jpg
26260490989,https://farm5.staticflickr.com/4468/26260490989_262682227c_o.jpg
37982991976,https://farm5.staticflickr.com/4499/37982991976_2b921d5320_o.jpg
37982868266,https://farm5.staticflickr.com/4456/37982868266_e258294d2d_o.jpg
26260065599,https://farm5.staticflickr.com/4452/26260065599_be20d5f310_o.jpg
38005316322,https://farm5.staticflickr.com/4479/38005316322_06a3394e4e_o.jpg
38035897861,https://farm5.staticflickr.com/4446/38035897861_18f98170ab_o.jpg
37982458196,https://farm5.staticflickr.com/4506/37982458196_80c8267714_o.jpg
37327064554,https://farm5.staticflickr.com/4498/37327064554_83640ce042_o.jpg
38004520782,https://farm5.staticflickr.com/4486/38004520782_ebae549b3d_o.jpg
38004073212,https://farm5.staticflickr.com/4496/38004073212_72c46e57c4_o.jpg
37233782634,https://farm5.staticflickr.com/4501/37233782634_92884ec795_o.jpg
24091794518,https://farm5.staticflickr.com/4483/24091794518_f727a56a46_o.jpg
37889303806,https://farm5.staticflickr.com/4484/37889303806_ab1e997747_o.jpg
